time,actual,trainPredict,testPredict1540623120,[6470.26],[nan],[nan]
1540623180,[6469.98],[6470.00976562],[nan]
1540623240,[6470.37],[6469.74707031],[nan]
1540623300,[6469.04],[6470.11230469],[nan]
1540623360,[6468.96],[6468.86035156],[nan]
1540623420,[6469.56],[6468.78417969],[nan]
1540623480,[6472.71],[6469.35205078],[nan]
1540623540,[6472.11],[6472.27148438],[nan]
1540623600,[6467.24],[6471.72363281],[nan]
1540623660,[6467.48],[6467.13867188],[nan]
1540623720,[6467.91],[6467.37011719],[nan]
1540623780,[6468.52],[6467.78271484],[nan]
1540623840,[6471.69],[6468.36572266],[nan]
1540623900,[6471.6],[6471.33789062],[nan]
1540623960,[6471.83],[6471.25488281],[nan]
1540624020,[6472.13],[6471.46679688],[nan]
1540624080,[6471.97],[6471.7421875],[nan]
1540624140,[6471.18],[6471.59570312],[nan]
1540624200,[6471.19],[6470.8671875],[nan]
1540624260,[6469.73],[6470.87597656],[nan]
1540624320,[6471.55],[6469.51220703],[nan]
1540624380,[6472.99],[6471.20898438],[nan]
1540624440,[6472.99],[6472.52587891],[nan]
1540624500,[6474.09],[6472.52587891],[nan]
1540624560,[6473.71],[6473.515625],[nan]
1540624620,[6474.24],[6473.17480469],[nan]
1540624680,[6469.75],[6473.64941406],[nan]
1540624740,[6469.77],[6469.53125],[nan]
1540624800,[6469.36],[6469.54980469],[nan]
1540624860,[6469.94],[6469.16308594],[nan]
1540624920,[6470.75],[6469.70947266],[nan]
1540624980,[6470.81],[6470.46728516],[nan]
1540625040,[6471.23],[6470.5234375],[nan]
1540625100,[6471.26],[6470.91308594],[nan]
1540625160,[6471.51],[6470.94042969],[nan]
1540625220,[6473.11],[6471.171875],[nan]
1540625280,[6473.12],[6472.63427734],[nan]
1540625340,[6473.13],[6472.64355469],[nan]
1540625400,[6474.28],[6472.65234375],[nan]
1540625460,[6473.75],[6473.68505859],[nan]
1540625520,[6473.21],[6473.2109375],[nan]
1540625580,[6476.19],[6472.72509766],[nan]
1540625640,[6476.17],[6475.36474609],[nan]
1540625700,[6475.36],[6475.34765625],[nan]
1540625760,[6477.15],[6474.64013672],[nan]
1540625820,[6478.22],[6476.19189453],[nan]
1540625880,[6470.11],[6477.10058594],[nan]
1540625940,[6470.77],[6469.86962891],[nan]
1540626000,[6471.14],[6470.48583984],[nan]
1540626060,[6470.98],[6470.82958984],[nan]
1540626120,[6469.93],[6470.68115234],[nan]
1540626180,[6471.81],[6469.70019531],[nan]
1540626240,[6472.45],[6471.44824219],[nan]
1540626300,[6471.55],[6472.03466797],[nan]
1540626360,[6471.97],[6471.20898438],[nan]
1540626420,[6470.78],[6471.59570312],[nan]
1540626480,[6467.38],[6470.49511719],[nan]
1540626540,[6467.57],[6467.27392578],[nan]
1540626600,[6469.],[6467.45654297],[nan]
1540626660,[6469.34],[6468.82226562],[nan]
1540626720,[6469.07],[6469.14404297],[nan]
1540626780,[6469.81],[6468.88818359],[nan]
1540626840,[6469.44],[6469.58740234],[nan]
1540626900,[6471.41],[6469.23876953],[nan]
1540626960,[6471.12],[6471.07910156],[nan]
1540627020,[6471.06],[6470.81103516],[nan]
1540627080,[6470.47],[6470.75537109],[nan]
1540627140,[6470.16],[6470.20605469],[nan]
1540627200,[6470.03],[6469.91601562],[nan]
1540627260,[6471.37],[6469.79443359],[nan]
1540627320,[6472.17],[6471.04296875],[nan]
1540627380,[6471.75],[6471.77880859],[nan]
1540627440,[6467.94],[6471.39306641],[nan]
1540627500,[6467.83],[6467.81201172],[nan]
1540627560,[6467.02],[6467.70605469],[nan]
1540627620,[6469.03],[6466.92724609],[nan]
1540627680,[6468.74],[6468.85058594],[nan]
1540627740,[6469.41],[6468.57519531],[nan]
1540627800,[6469.18],[6469.21044922],[nan]
1540627860,[6467.14],[6468.99267578],[nan]
1540627920,[6469.2],[6467.04248047],[nan]
1540627980,[6467.44],[6469.01171875],[nan]
1540628040,[6467.44],[6467.33154297],[nan]
1540628100,[6467.52],[6467.33154297],[nan]
1540628160,[6469.07],[6467.40820312],[nan]
1540628220,[6469.01],[6468.88818359],[nan]
1540628280,[6468.46],[6468.83154297],[nan]
1540628340,[6467.33],[6468.30859375],[nan]
1540628400,[6467.34],[6467.22558594],[nan]
1540628460,[6467.57],[6467.23535156],[nan]
1540628520,[6468.13],[6467.45654297],[nan]
1540628580,[6467.32],[6467.99365234],[nan]
1540628640,[6468.22],[6467.21630859],[nan]
1540628700,[6467.49],[6468.07910156],[nan]
1540628760,[6467.34],[6467.37988281],[nan]
1540628820,[6467.68],[6467.23535156],[nan]
1540628880,[6469.78],[6467.5625],[nan]
1540628940,[6469.16],[6469.55908203],[nan]
1540629000,[6470.44],[6468.97363281],[nan]
1540629060,[6469.91],[6470.17822266],[nan]
1540629120,[6469.56],[6469.68164062],[nan]
1540629180,[6471.26],[6469.35205078],[nan]
1540629240,[6470.87],[6470.94042969],[nan]
1540629300,[6470.58],[6470.57910156],[nan]
1540629360,[6471.25],[6470.30908203],[nan]
1540629420,[6473.58],[6470.93164062],[nan]
1540629480,[6473.09],[6473.05859375],[nan]
1540629540,[6472.87],[6472.61621094],[nan]
1540629600,[6472.46],[6472.41699219],[nan]
1540629660,[6472.25],[6472.04394531],[nan]
1540629720,[6476.41],[6471.8515625],[nan]
1540629780,[6476.71],[6475.55566406],[nan]
1540629840,[6477.28],[6475.81445312],[nan]
1540629900,[6475.22],[6476.30322266],[nan]
1540629960,[6475.04],[6474.51708984],[nan]
1540630020,[6475.29],[6474.35888672],[nan]
1540630080,[6476.81],[6474.57861328],[nan]
1540630140,[6466.16],[6475.90039062],[nan]
1540630200,[6465.48],[6466.09423828],[nan]
1540630260,[6463.8],[6465.43261719],[nan]
1540630320,[6464.09],[6463.78662109],[nan]
1540630380,[6463.3],[6464.07177734],[nan]
1540630440,[6463.16],[6463.29443359],[nan]
1540630500,[6463.15],[6463.15673828],[nan]
1540630560,[6463.05],[6463.14648438],[nan]
1540630620,[6462.44],[6463.04833984],[nan]
1540630680,[6463.25],[6462.44677734],[nan]
1540630740,[6464.64],[6463.24511719],[nan]
1540630800,[6463.25],[6464.61132812],[nan]
1540630860,[6462.48],[6463.24511719],[nan]
1540630920,[6462.34],[6462.48632812],[nan]
1540630980,[6462.28],[6462.34814453],[nan]
1540631040,[6461.97],[6462.2890625],[nan]
1540631100,[6463.97],[6461.98339844],[nan]
1540631160,[6463.11],[6463.95361328],[nan]
1540631220,[6463.13],[6463.10742188],[nan]
1540631280,[6462.89],[6463.12695312],[nan]
1540631340,[6462.53],[6462.89111328],[nan]
1540631400,[6465.1],[6462.53564453],[nan]
1540631460,[6460.14],[6465.06103516],[nan]
1540631520,[6459.84],[6460.17724609],[nan]
1540631580,[6459.86],[6459.88183594],[nan]
1540631640,[6459.61],[6459.90136719],[nan]
1540631700,[6460.15],[6459.65527344],[nan]
1540631760,[6463.43],[6460.1875],[nan]
1540631820,[6464.27],[6463.42236328],[nan]
1540631880,[6464.4],[6464.24853516],[nan]
1540631940,[6464.87],[6464.37548828],[nan]
1540632000,[6465.19],[6464.83642578],[nan]
1540632060,[6465.05],[6465.14892578],[nan]
1540632120,[6462.92],[6465.01269531],[nan]
1540632180,[6463.21],[6462.91992188],[nan]
1540632240,[6462.48],[6463.20605469],[nan]
1540632300,[6462.5],[6462.48632812],[nan]
1540632360,[6464.53],[6462.50585938],[nan]
1540632420,[6465.85],[6464.50292969],[nan]
1540632480,[6465.67],[6465.79296875],[nan]
1540632540,[6465.15],[6465.61767578],[nan]
1540632600,[6465.31],[6465.10986328],[nan]
1540632660,[6465.9],[6465.26611328],[nan]
1540632720,[6465.82],[6465.84130859],[nan]
1540632780,[6468.24],[6465.76318359],[nan]
1540632840,[6468.39],[6468.09863281],[nan]
1540632900,[6469.2],[6468.24169922],[nan]
1540632960,[6473.09],[6469.01171875],[nan]
1540633020,[6470.93],[6472.61621094],[nan]
1540633080,[6471.15],[6470.63476562],[nan]
1540633140,[6471.3],[6470.83886719],[nan]
1540633200,[6471.11],[6470.97753906],[nan]
1540633260,[6475.86],[6470.80175781],[nan]
1540633320,[6475.27],[6475.078125],[nan]
1540633380,[6475.73],[6474.56103516],[nan]
1540633440,[6465.54],[6474.96386719],[nan]
1540633500,[6466.37],[6465.49072266],[nan]
1540633560,[6466.51],[6466.29785156],[nan]
1540633620,[6465.58],[6466.43359375],[nan]
1540633680,[6465.55],[6465.52978516],[nan]
1540633740,[6468.11],[6465.50048828],[nan]
1540633800,[6470.19],[6467.97460938],[nan]
1540633860,[6470.13],[6469.94384766],[nan]
1540633920,[6470.05],[6469.88818359],[nan]
1540633980,[6470.04],[6469.81298828],[nan]
1540634040,[6472.3],[6469.80371094],[nan]
1540634100,[6471.04],[6471.89794922],[nan]
1540634160,[6470.82],[6470.73681641],[nan]
1540634220,[6472.35],[6470.53222656],[nan]
1540634280,[6467.33],[6471.94335938],[nan]
1540634340,[6465.33],[6467.22558594],[nan]
1540634400,[6462.79],[6465.28564453],[nan]
1540634460,[6462.87],[6462.79199219],[nan]
1540634520,[6462.87],[6462.87060547],[nan]
1540634580,[6461.37],[6462.87060547],[nan]
1540634640,[6461.73],[6461.390625],[nan]
1540634700,[6461.59],[6461.74609375],[nan]
1540634760,[6461.11],[6461.60791016],[nan]
1540634820,[6461.76],[6461.13427734],[nan]
1540634880,[6466.34],[6461.77587891],[nan]
1540634940,[6465.89],[6466.26904297],[nan]
1540635000,[6465.49],[6465.83154297],[nan]
1540635060,[6465.58],[6465.44189453],[nan]
1540635120,[6467.75],[6465.52978516],[nan]
1540635180,[6466.96],[6467.62939453],[nan]
1540635240,[6466.62],[6466.86865234],[nan]
1540635300,[6467.03],[6466.54003906],[nan]
1540635360,[6467.29],[6466.93652344],[nan]
1540635420,[6468.24],[6467.18701172],[nan]
1540635480,[6468.55],[6468.09863281],[nan]
1540635540,[6468.31],[6468.39453125],[nan]
1540635600,[6467.77],[6468.16552734],[nan]
1540635660,[6467.75],[6467.64892578],[nan]
1540635720,[6470.06],[6467.62939453],[nan]
1540635780,[6470.67],[6469.82226562],[nan]
1540635840,[6471.62],[6470.39257812],[nan]
1540635900,[6472.3],[6471.2734375],[nan]
1540635960,[6472.21],[6471.89794922],[nan]
1540636020,[6474.51],[6471.81542969],[nan]
1540636080,[6473.87],[6473.88964844],[nan]
1540636140,[6474.31],[6473.31835938],[nan]
1540636200,[6473.11],[6473.71191406],[nan]
1540636260,[6473.29],[6472.63427734],[nan]
1540636320,[6474.27],[6472.796875],[nan]
1540636380,[6472.75],[6473.67626953],[nan]
1540636440,[6472.66],[6472.30761719],[nan]
1540636500,[6473.02],[6472.22607422],[nan]
1540636560,[6473.15],[6472.55273438],[nan]
1540636620,[6473.17],[6472.67041016],[nan]
1540636680,[6471.05],[6472.68896484],[nan]
1540636740,[6462.27],[6470.74609375],[nan]
1540636800,[6462.38],[6462.27929688],[nan]
1540636860,[6461.81],[6462.38769531],[nan]
1540636920,[6463.06],[6461.82519531],[nan]
1540636980,[6463.33],[6463.05810547],[nan]
1540637040,[6463.68],[6463.32421875],[nan]
1540637100,[6463.56],[6463.66845703],[nan]
1540637160,[6461.58],[6463.55078125],[nan]
1540637220,[6461.69],[6461.59765625],[nan]
1540637280,[6457.81],[6461.70703125],[nan]
1540637340,[6458.45],[6457.89111328],[nan]
1540637400,[6457.35],[6458.51611328],[nan]
1540637460,[6457.58],[6457.44287109],[nan]
1540637520,[6457.38],[6457.66699219],[nan]
1540637580,[6456.56],[6457.47216797],[nan]
1540637640,[6456.99],[6456.67724609],[nan]
1540637700,[6457.65],[6457.09375],[nan]
1540637760,[6458.61],[6457.73535156],[nan]
1540637820,[6458.58],[6458.67285156],[nan]
1540637880,[6458.65],[6458.64404297],[nan]
1540637940,[6461.7],[6458.71240234],[nan]
1540638000,[6461.28],[6461.71630859],[nan]
1540638060,[6462.2],[6461.30175781],[nan]
1540638120,[6462.34],[6462.20996094],[nan]
1540638180,[6462.42],[6462.34814453],[nan]
1540638240,[6463.17],[6462.42724609],[nan]
1540638300,[6461.13],[6463.16650391],[nan]
1540638360,[6459.11],[6461.15429688],[nan]
1540638420,[6456.32],[6459.1640625],[nan]
1540638480,[6456.58],[6456.44628906],[nan]
1540638540,[6455.67],[6456.69726562],[nan]
1540638600,[6455.84],[6455.82177734],[nan]
1540638660,[6457.57],[6455.98486328],[nan]
1540638720,[6457.52],[6457.65673828],[nan]
1540638780,[6457.15],[6457.60839844],[nan]
1540638840,[6456.83],[6457.24853516],[nan]
1540638900,[6458.72],[6456.93847656],[nan]
1540638960,[6459.4],[6458.78125],[nan]
1540639020,[6463.36],[6459.44873047],[nan]
1540639080,[6463.12],[6463.35351562],[nan]
1540639140,[6463.04],[6463.11767578],[nan]
1540639200,[6461.64],[6463.03857422],[nan]
1540639260,[6459.91],[6461.65722656],[nan]
1540639320,[6459.85],[6459.95068359],[nan]
1540639380,[6459.87],[6459.89208984],[nan]
1540639440,[6460.34],[6459.91162109],[nan]
1540639500,[6462.18],[6460.37402344],[nan]
1540639560,[6461.47],[6462.19042969],[nan]
1540639620,[6461.28],[6461.48925781],[nan]
1540639680,[6461.5],[6461.30175781],[nan]
1540639740,[6462.06],[6461.51904297],[nan]
1540639800,[6462.36],[6462.07177734],[nan]
1540639860,[6461.62],[6462.36767578],[nan]
1540639920,[6461.52],[6461.63769531],[nan]
1540639980,[6457.67],[6461.5390625],[nan]
1540640040,[6460.39],[6457.75439453],[nan]
1540640100,[6459.51],[6460.42382812],[nan]
1540640160,[6458.99],[6459.55664062],[nan]
1540640220,[6456.83],[6459.04589844],[nan]
1540640280,[6456.81],[6456.93847656],[nan]
1540640340,[6456.29],[6456.91943359],[nan]
1540640400,[6456.61],[6456.41699219],[nan]
1540640460,[6456.43],[6456.72607422],[nan]
1540640520,[6456.77],[6456.55175781],[nan]
1540640580,[6457.28],[6456.88085938],[nan]
1540640640,[6457.18],[6457.37548828],[nan]
1540640700,[6456.59],[6457.27783203],[nan]
1540640760,[6455.16],[6456.70654297],[nan]
1540640820,[6452.4],[6455.33447266],[nan]
1540640880,[6457.53],[6452.75732422],[nan]
1540640940,[6457.16],[6457.61816406],[nan]
1540641000,[6457.55],[6457.25878906],[nan]
1540641060,[6459.43],[6457.63769531],[nan]
1540641120,[6459.4],[6459.47851562],[nan]
1540641180,[6460.42],[6459.44873047],[nan]
1540641240,[6460.44],[6460.453125],[nan]
1540641300,[6458.7],[6460.47314453],[nan]
1540641360,[6458.09],[6458.76123047],[nan]
1540641420,[6457.86],[6458.1640625],[nan]
1540641480,[6459.63],[6457.93994141],[nan]
1540641540,[6460.98],[6459.67480469],[nan]
1540641600,[6458.71],[6461.00585938],[nan]
1540641660,[6458.61],[6458.77099609],[nan]
1540641720,[6458.65],[6458.67285156],[nan]
1540641780,[6459.34],[6458.71240234],[nan]
1540641840,[6458.19],[6459.39013672],[nan]
1540641900,[6456.91],[6458.26220703],[nan]
1540641960,[6460.65],[6457.01611328],[nan]
1540642020,[6461.4],[6460.68017578],[nan]
1540642080,[6462.8],[6461.42041016],[nan]
1540642140,[6462.25],[6462.80175781],[nan]
1540642200,[6462.45],[6462.25927734],[nan]
1540642260,[6464.66],[6462.45654297],[nan]
1540642320,[6464.38],[6464.63085938],[nan]
1540642380,[6459.09],[6464.35595703],[nan]
1540642440,[6459.19],[6459.14404297],[nan]
1540642500,[6459.67],[6459.2421875],[nan]
1540642560,[6459.53],[6459.71435547],[nan]
1540642620,[6459.69],[6459.57666016],[nan]
1540642680,[6459.03],[6459.73388672],[nan]
1540642740,[6459.1],[6459.08496094],[nan]
1540642800,[6460.31],[6459.15380859],[nan]
1540642860,[6461.44],[6460.34521484],[nan]
1540642920,[6461.39],[6461.45947266],[nan]
1540642980,[6460.98],[6461.41064453],[nan]
1540643040,[6460.68],[6461.00585938],[nan]
1540643100,[6463.03],[6460.70996094],[nan]
1540643160,[6465.04],[6463.02832031],[nan]
1540643220,[6464.36],[6465.00244141],[nan]
1540643280,[6463.78],[6464.33642578],[nan]
1540643340,[6464.05],[6463.76708984],[nan]
1540643400,[6464.3],[6464.03222656],[nan]
1540643460,[6466.43],[6464.27783203],[nan]
1540643520,[6465.55],[6466.35644531],[nan]
1540643580,[6465.63],[6465.50048828],[nan]
1540643640,[6465.84],[6465.57861328],[nan]
1540643700,[6465.87],[6465.78271484],[nan]
1540643760,[6467.96],[6465.81201172],[nan]
1540643820,[6467.12],[6467.83105469],[nan]
1540643880,[6466.77],[6467.0234375],[nan]
1540643940,[6466.72],[6466.68505859],[nan]
1540644000,[6467.2],[6466.63671875],[nan]
1540644060,[6458.56],[6467.10009766],[nan]
1540644120,[6457.86],[6458.62451172],[nan]
1540644180,[6461.15],[6457.93994141],[nan]
1540644240,[6461.53],[6461.17382812],[nan]
1540644300,[6461.56],[6461.54882812],[nan]
1540644360,[6462.5],[6461.578125],[nan]
1540644420,[6462.7],[6462.50585938],[nan]
1540644480,[6462.52],[6462.70361328],[nan]
1540644540,[6462.82],[6462.52587891],[nan]
1540644600,[6462.49],[6462.82128906],[nan]
1540644660,[6463.52],[6462.49658203],[nan]
1540644720,[6464.17],[6463.51074219],[nan]
1540644780,[6465.54],[6464.14990234],[nan]
1540644840,[6465.52],[6465.49072266],[nan]
1540644900,[6462.24],[6465.47119141],[nan]
1540644960,[6462.15],[6462.24951172],[nan]
1540645020,[6462.17],[6462.16064453],[nan]
1540645080,[6461.44],[6462.18017578],[nan]
1540645140,[6461.43],[6461.45947266],[nan]
1540645200,[6463.47],[6461.45019531],[nan]
1540645260,[6461.99],[6463.46240234],[nan]
1540645320,[6462.74],[6462.00292969],[nan]
1540645380,[6461.78],[6462.74267578],[nan]
1540645440,[6463.59],[6461.79541016],[nan]
1540645500,[6462.65],[6463.58007812],[nan]
1540645560,[6462.5],[6462.65429688],[nan]
1540645620,[6462.44],[6462.50585938],[nan]
1540645680,[6461.95],[6462.44677734],[nan]
1540645740,[6461.99],[6461.96337891],[nan]
1540645800,[6464.65],[6462.00292969],[nan]
1540645860,[6464.98],[6464.62060547],[nan]
1540645920,[6466.95],[6464.94384766],[nan]
1540645980,[6466.07],[6466.859375],[nan]
1540646040,[6466.79],[6466.00683594],[nan]
1540646100,[6466.15],[6466.70458984],[nan]
1540646160,[6466.2],[6466.08398438],[nan]
1540646220,[6465.05],[6466.1328125],[nan]
1540646280,[6464.24],[6465.01269531],[nan]
1540646340,[6464.67],[6464.21875],[nan]
1540646400,[6464.73],[6464.64013672],[nan]
1540646460,[6464.98],[6464.69921875],[nan]
1540646520,[6465.25],[6464.94384766],[nan]
1540646580,[6463.75],[6465.20800781],[nan]
1540646640,[6462.95],[6463.73730469],[nan]
1540646700,[6463.89],[6462.94970703],[nan]
1540646760,[6463.76],[6463.875],[nan]
1540646820,[6460.46],[6463.74707031],[nan]
1540646880,[6463.14],[6460.49267578],[nan]
1540646940,[6462.68],[6463.13720703],[nan]
1540647000,[6462.86],[6462.68408203],[nan]
1540647060,[6462.58],[6462.86132812],[nan]
1540647120,[6460.96],[6462.58496094],[nan]
1540647180,[6460.31],[6460.98632812],[nan]
1540647240,[6460.71],[6460.34521484],[nan]
1540647300,[6460.15],[6460.73974609],[nan]
1540647360,[6460.47],[6460.1875],[nan]
1540647420,[6459.65],[6460.50292969],[nan]
1540647480,[6457.54],[6459.69482422],[nan]
1540647540,[6456.71],[6457.62792969],[nan]
1540647600,[6455.16],[6456.82275391],[nan]
1540647660,[6455.8],[6455.33447266],[nan]
1540647720,[6456.6],[6455.94628906],[nan]
1540647780,[6460.74],[6456.71630859],[nan]
1540647840,[6460.75],[6460.76904297],[nan]
1540647900,[6462.48],[6460.77880859],[nan]
1540647960,[6463.27],[6462.48632812],[nan]
1540648020,[6461.98],[6463.26513672],[nan]
1540648080,[6458.76],[6461.99267578],[nan]
1540648140,[6458.49],[6458.8203125],[nan]
1540648200,[6458.68],[6458.55566406],[nan]
1540648260,[6459.02],[6458.74169922],[nan]
1540648320,[6458.91],[6459.07568359],[nan]
1540648380,[6459.03],[6458.96728516],[nan]
1540648440,[6458.79],[6459.08496094],[nan]
1540648500,[6457.15],[6458.85009766],[nan]
1540648560,[6455.9],[6457.24853516],[nan]
1540648620,[6455.23],[6456.04199219],[nan]
1540648680,[6455.16],[6455.40136719],[nan]
1540648740,[6453.97],[6455.33447266],[nan]
1540648800,[6451.31],[6454.21044922],[nan]
1540648860,[6452.95],[6451.77050781],[nan]
1540648920,[6454.06],[6453.26220703],[nan]
1540648980,[6455.59],[6454.29541016],[nan]
1540649040,[6456.04],[6455.74511719],[nan]
1540649100,[6453.97],[6456.17675781],[nan]
1540649160,[6453.08],[6454.21044922],[nan]
1540649220,[6453.16],[6453.38232422],[nan]
1540649280,[6456.38],[6453.45654297],[nan]
1540649340,[6456.63],[6456.50390625],[nan]
1540649400,[6456.45],[6456.74511719],[nan]
1540649460,[6455.62],[6456.57177734],[nan]
1540649520,[6455.71],[6455.77392578],[nan]
1540649580,[6456.04],[6455.85986328],[nan]
1540649640,[6458.33],[6456.17675781],[nan]
1540649700,[6457.75],[6458.39941406],[nan]
1540649760,[6456.27],[6457.83251953],[nan]
1540649820,[6448.33],[6456.39794922],[nan]
1540649880,[6449.36],[6449.18701172],[nan]
1540649940,[6455.42],[6450.06005859],[nan]
1540650000,[6455.75],[6455.58300781],[nan]
1540650060,[6454.78],[6455.8984375],[nan]
1540650120,[6455.3],[6454.97412109],[nan]
1540650180,[6455.42],[6455.46826172],[nan]
1540650240,[6456.56],[6455.58300781],[nan]
1540650300,[6456.65],[6456.67724609],[nan]
1540650360,[6455.62],[6456.76464844],[nan]
1540650420,[6455.29],[6455.77392578],[nan]
1540650480,[6455.56],[6455.45849609],[nan]
1540650540,[6452.28],[6455.71630859],[nan]
1540650600,[6454.41],[6452.64746094],[nan]
1540650660,[6452.26],[6454.62451172],[nan]
1540650720,[6451.74],[6452.62939453],[nan]
1540650780,[6451.1],[6452.15771484],[nan]
1540650840,[6451.48],[6451.58349609],[nan]
1540650900,[6451.94],[6451.92333984],[nan]
1540650960,[6455.77],[6452.33837891],[nan]
1540651020,[6455.05],[6455.91748047],[nan]
1540651080,[6454.7],[6455.23046875],[nan]
1540651140,[6455.04],[6454.8984375],[nan]
1540651200,[6455.09],[6455.22070312],[nan]
1540651260,[6456.15],[6455.26855469],[nan]
1540651320,[6455.98],[6456.28222656],[nan]
1540651380,[6455.81],[6456.11865234],[nan]
1540651440,[6457.63],[6455.95556641],[nan]
1540651500,[6454.32],[6457.71582031],[nan]
1540651560,[6454.91],[6454.53955078],[nan]
1540651620,[6453.62],[6455.09765625],[nan]
1540651680,[6449.56],[6453.88378906],[nan]
1540651740,[6448.85],[6450.23193359],[nan]
1540651800,[6448.84],[6449.625],[nan]
1540651860,[6448.33],[6449.61621094],[nan]
1540651920,[6450.54],[6449.18701172],[nan]
1540651980,[6451.19],[6451.08642578],[nan]
1540652040,[6454.71],[6451.66308594],[nan]
1540652100,[6454.83],[6454.90771484],[nan]
1540652160,[6455.25],[6455.02099609],[nan]
1540652220,[6454.11],[6455.42041016],[nan]
1540652280,[6454.45],[6454.34179688],[nan]
1540652340,[6454.97],[6454.66210938],[nan]
1540652400,[6458.72],[6455.15429688],[nan]
1540652460,[6461.24],[6458.78125],[nan]
1540652520,[6460.31],[6461.26269531],[nan]
1540652580,[6461.18],[6460.34521484],[nan]
1540652640,[6461.17],[6461.20361328],[nan]
1540652700,[6461.52],[6461.19335938],[nan]
1540652760,[6461.47],[6461.5390625],[nan]
1540652820,[6460.23],[6461.48925781],[nan]
1540652880,[6460.19],[6460.26611328],[nan]
1540652940,[6458.68],[6460.2265625],[nan]
1540653000,[6460.39],[6458.74169922],[nan]
1540653060,[6460.67],[6460.42382812],[nan]
1540653120,[6460.91],[6460.69970703],[nan]
1540653180,[6460.61],[6460.93652344],[nan]
1540653240,[6457.92],[6460.640625],[nan]
1540653300,[6459.92],[6457.99853516],[nan]
1540653360,[6459.73],[6459.9609375],[nan]
1540653420,[6460.43],[6459.7734375],[nan]
1540653480,[6461.84],[6460.46337891],[nan]
1540653540,[6461.72],[6461.85449219],[nan]
1540653600,[6460.93],[6461.73632812],[nan]
1540653660,[6461.25],[6460.95654297],[nan]
1540653720,[6461.94],[6461.27246094],[nan]
1540653780,[6461.51],[6461.95361328],[nan]
1540653840,[6460.47],[6461.52929688],[nan]
1540653900,[6460.2],[6460.50292969],[nan]
1540653960,[6459.42],[6460.23681641],[nan]
1540654020,[6458.58],[6459.46826172],[nan]
1540654080,[6461.1],[6458.64404297],[nan]
1540654140,[6461.63],[6461.12451172],[nan]
1540654200,[6461.17],[6461.64746094],[nan]
1540654260,[6461.16],[6461.19335938],[nan]
1540654320,[6460.44],[6461.18310547],[nan]
1540654380,[6453.25],[6460.47314453],[nan]
1540654440,[6452.94],[6453.53955078],[nan]
1540654500,[6451.54],[6453.25341797],[nan]
1540654560,[6452.14],[6451.97705078],[nan]
1540654620,[6451.38],[6452.52001953],[nan]
1540654680,[6451.17],[6451.83398438],[nan]
1540654740,[6451.18],[6451.64599609],[nan]
1540654800,[6449.82],[6451.65478516],[nan]
1540654860,[6450.13],[6450.45654297],[nan]
1540654920,[6449.44],[6450.7265625],[nan]
1540654980,[6446.74],[6450.12841797],[nan]
1540655040,[6446.85],[6447.88427734],[nan]
1540655100,[6449.72],[6447.97265625],[nan]
1540655160,[6448.55],[6450.37011719],[nan]
1540655220,[6449.32],[6449.37109375],[nan]
1540655280,[6448.67],[6450.02539062],[nan]
1540655340,[6447.37],[6449.47216797],[nan]
1540655400,[6449.26],[6448.39355469],[nan]
1540655460,[6451.33],[6449.97412109],[nan]
1540655520,[6452.82],[6451.78857422],[nan]
1540655580,[6454.29],[6453.14257812],[nan]
1540655640,[6453.86],[6454.51123047],[nan]
1540655700,[6453.77],[6454.10791016],[nan]
1540655760,[6454.37],[6454.02392578],[nan]
1540655820,[6454.28],[6454.58642578],[nan]
1540655880,[6454.2],[6454.50195312],[nan]
1540655940,[6455.22],[6454.42675781],[nan]
1540656000,[6455.9],[6455.39208984],[nan]
1540656060,[6456.32],[6456.04199219],[nan]
1540656120,[6456.38],[6456.44628906],[nan]
1540656180,[6449.99],[6456.50390625],[nan]
1540656240,[6449.43],[6450.60498047],[nan]
1540656300,[6449.02],[6450.11962891],[nan]
1540656360,[6446.97],[6449.76953125],[nan]
1540656420,[6447.96],[6448.06933594],[nan]
1540656480,[6447.99],[6448.87890625],[nan]
1540656540,[6448.91],[6448.90380859],[nan]
1540656600,[6448.63],[6449.67578125],[nan]
1540656660,[6447.74],[6449.43896484],[nan]
1540656720,[6449.91],[6448.69677734],[nan]
1540656780,[6449.69],[6450.53515625],[nan]
1540656840,[6449.29],[6450.34423828],[nan]
1540656900,[6449.87],[6449.99951172],[nan]
1540656960,[6449.27],[6450.5],[nan]
1540657020,[6449.9],[6449.98291016],[nan]
1540657080,[6449.25],[6450.52636719],[nan]
1540657140,[6449.33],[6449.96582031],[nan]
1540657200,[6452.41],[6450.03417969],[nan]
1540657260,[6452.8],[6452.76611328],[nan]
1540657320,[6453.3],[6453.12402344],[nan]
1540657380,[6453.32],[6453.58642578],[nan]
1540657440,[6453.32],[6453.60498047],[nan]
1540657500,[6451.83],[6453.60498047],[nan]
1540657560,[6452.13],[6452.23876953],[nan]
1540657620,[6452.19],[6452.51074219],[nan]
1540657680,[6452.96],[6452.56542969],[nan]
1540657740,[6451.98],[6453.27148438],[nan]
1540657800,[6452.24],[6452.375],[nan]
1540657860,[6452.56],[6452.61083984],[nan]
1540657920,[6453.05],[6452.90380859],[nan]
1540657980,[6453.13],[6453.35449219],[nan]
1540658040,[6452.71],[6453.42871094],[nan]
1540658100,[6453.22],[6453.04150391],[nan]
1540658160,[6452.8],[6453.51171875],[nan]
1540658220,[6455.1],[6453.12402344],[nan]
1540658280,[6454.59],[6455.27783203],[nan]
1540658340,[6454.59],[6454.79394531],[nan]
1540658400,[6454.98],[6454.79394531],[nan]
1540658460,[6453.62],[6455.16357422],[nan]
1540658520,[6453.89],[6453.88378906],[nan]
1540658580,[6455.21],[6454.13574219],[nan]
1540658640,[6456.61],[6455.38232422],[nan]
1540658700,[6456.73],[6456.72607422],[nan]
1540658760,[6455.57],[6456.84228516],[nan]
1540658820,[6456.91],[6455.72607422],[nan]
1540658880,[6456.79],[6457.01611328],[nan]
1540658940,[6457.33],[6456.89990234],[nan]
1540659000,[6458.69],[6457.42333984],[nan]
1540659060,[6457.95],[6458.75146484],[nan]
1540659120,[6457.86],[6458.02783203],[nan]
1540659180,[6457.69],[6457.93994141],[nan]
1540659240,[6459.59],[6457.77392578],[nan]
1540659300,[6459.75],[6459.63574219],[nan]
1540659360,[6459.74],[6459.79345703],[nan]
1540659420,[6459.2],[6459.78320312],[nan]
1540659480,[6458.81],[6459.25244141],[nan]
1540659540,[6459.68],[6458.86962891],[nan]
1540659600,[6458.99],[6459.72412109],[nan]
1540659660,[6459.97],[6459.04589844],[nan]
1540659720,[6460.07],[6460.00976562],[nan]
1540659780,[6461.33],[6460.10839844],[nan]
1540659840,[6461.31],[6461.35107422],[nan]
1540659900,[6461.08],[6461.33154297],[nan]
1540659960,[6460.97],[6461.10449219],[nan]
1540660020,[6461.51],[6460.99609375],[nan]
1540660080,[6462.86],[6461.52929688],[nan]
1540660140,[6462.4],[6462.86132812],[nan]
1540660200,[6462.66],[6462.40722656],[nan]
1540660260,[6465.25],[6462.66357422],[nan]
1540660320,[6465.25],[6465.20800781],[nan]
1540660380,[6466.4],[6465.20800781],[nan]
1540660440,[6465.66],[6466.32714844],[nan]
1540660500,[6465.57],[6465.60742188],[nan]
1540660560,[6460.68],[6465.52050781],[nan]
1540660620,[6460.97],[6460.70996094],[nan]
1540660680,[6460.97],[6460.99609375],[nan]
1540660740,[6459.76],[6460.99609375],[nan]
1540660800,[6459.63],[6459.80273438],[nan]
1540660860,[6460.22],[6459.67480469],[nan]
1540660920,[6460.15],[6460.25634766],[nan]
1540660980,[6460.26],[6460.1875],[nan]
1540661040,[6459.4],[6460.29589844],[nan]
1540661100,[6459.28],[6459.44873047],[nan]
1540661160,[6459.56],[6459.33056641],[nan]
1540661220,[6459.62],[6459.60595703],[nan]
1540661280,[6459.39],[6459.66552734],[nan]
1540661340,[6461.54],[6459.43896484],[nan]
1540661400,[6462.14],[6461.55859375],[nan]
1540661460,[6462.13],[6462.15087891],[nan]
1540661520,[6462.24],[6462.14111328],[nan]
1540661580,[6462.44],[6462.24951172],[nan]
1540661640,[6462.75],[6462.44677734],[nan]
1540661700,[6464.43],[6462.75292969],[nan]
1540661760,[6464.47],[6464.40527344],[nan]
1540661820,[6464.25],[6464.44433594],[nan]
1540661880,[6463.98],[6464.22851562],[nan]
1540661940,[6463.42],[6463.96337891],[nan]
1540662000,[6465.16],[6463.41308594],[nan]
1540662060,[6465.16],[6465.12011719],[nan]
1540662120,[6456.53],[6465.12011719],[nan]
1540662180,[6457.85],[6456.64892578],[nan]
1540662240,[6454.7],[6457.93017578],[nan]
1540662300,[6456.56],[6454.8984375],[nan]
1540662360,[6460.31],[6456.67724609],[nan]
1540662420,[6460.56],[6460.34521484],[nan]
1540662480,[6461.04],[6460.59130859],[nan]
1540662540,[6460.73],[6461.06542969],[nan]
1540662600,[6462.57],[6460.75927734],[nan]
1540662660,[6460.89],[6462.57519531],[nan]
1540662720,[6462.35],[6460.91699219],[nan]
1540662780,[6461.77],[6462.35839844],[nan]
1540662840,[6461.85],[6461.78564453],[nan]
1540662900,[6461.86],[6461.86474609],[nan]
1540662960,[6461.22],[6461.87451172],[nan]
1540663020,[6461.62],[6461.24267578],[nan]
1540663080,[6461.61],[6461.63769531],[nan]
1540663140,[6461.91],[6461.62744141],[nan]
1540663200,[6461.32],[6461.92382812],[nan]
1540663260,[6461.39],[6461.34179688],[nan]
1540663320,[6462.07],[6461.41064453],[nan]
1540663380,[6464.29],[6462.08203125],[nan]
1540663440,[6463.93],[6464.26806641],[nan]
1540663500,[6462.85],[6463.91455078],[nan]
1540663560,[6462.96],[6462.85107422],[nan]
1540663620,[6462.6],[6462.95947266],[nan]
1540663680,[6462.97],[6462.60498047],[nan]
1540663740,[6463.08],[6462.96972656],[nan]
1540663800,[6463.17],[6463.07763672],[nan]
1540663860,[6463.14],[6463.16650391],[nan]
1540663920,[6463.15],[6463.13720703],[nan]
1540663980,[6464.06],[6463.14648438],[nan]
1540664040,[6463.91],[6464.04199219],[nan]
1540664100,[6462.03],[6463.89501953],[nan]
1540664160,[6461.56],[6462.04199219],[nan]
1540664220,[6461.62],[6461.578125],[nan]
1540664280,[6461.73],[6461.63769531],[nan]
1540664340,[6461.82],[6461.74609375],[nan]
1540664400,[6463.12],[6461.83496094],[nan]
1540664460,[6462.19],[6463.11767578],[nan]
1540664520,[6462.29],[6462.20068359],[nan]
1540664580,[6462.15],[6462.29882812],[nan]
1540664640,[6462.09],[6462.16064453],[nan]
1540664700,[6462.22],[6462.1015625],[nan]
1540664760,[6461.25],[6462.22998047],[nan]
1540664820,[6461.35],[6461.27246094],[nan]
1540664880,[6461.49],[6461.37109375],[nan]
1540664940,[6461.39],[6461.50927734],[nan]
1540665000,[6461.53],[6461.41064453],[nan]
1540665060,[6460.23],[6461.54882812],[nan]
1540665120,[6460.1],[6460.26611328],[nan]
1540665180,[6459.38],[6460.13818359],[nan]
1540665240,[6459.22],[6459.42919922],[nan]
1540665300,[6459.19],[6459.27197266],[nan]
1540665360,[6457.64],[6459.2421875],[nan]
1540665420,[6457.62],[6457.72509766],[nan]
1540665480,[6462.27],[6457.70556641],[nan]
1540665540,[6461.64],[6462.27929688],[nan]
1540665600,[6460.99],[6461.65722656],[nan]
1540665660,[6460.67],[6461.01611328],[nan]
1540665720,[6459.78],[6460.69970703],[nan]
1540665780,[6459.97],[6459.82275391],[nan]
1540665840,[6459.74],[6460.00976562],[nan]
1540665900,[6459.82],[6459.78320312],[nan]
1540665960,[6458.49],[6459.86230469],[nan]
1540666020,[6457.79],[6458.55566406],[nan]
1540666080,[6458.07],[6457.87158203],[nan]
1540666140,[6457.69],[6458.14453125],[nan]
1540666200,[6456.71],[6457.77392578],[nan]
1540666260,[6457.16],[6456.82275391],[nan]
1540666320,[6456.32],[6457.25878906],[nan]
1540666380,[6456.01],[6456.44628906],[nan]
1540666440,[6457.5],[6456.14794922],[nan]
1540666500,[6459.72],[6457.58935547],[nan]
1540666560,[6459.67],[6459.76367188],[nan]
1540666620,[6458.58],[6459.71435547],[nan]
1540666680,[6456.54],[6458.64404297],[nan]
1540666740,[6457.04],[6456.65820312],[nan]
1540666800,[6456.46],[6457.14208984],[nan]
1540666860,[6457.64],[6456.58105469],[nan]
1540666920,[6456.19],[6457.72509766],[nan]
1540666980,[6456.62],[6456.32128906],[nan]
1540667040,[6457.22],[6456.73583984],[nan]
1540667100,[6456.92],[6457.31689453],[nan]
1540667160,[6457.05],[6457.02587891],[nan]
1540667220,[6456.24],[6457.15185547],[nan]
1540667280,[6455.94],[6456.36865234],[nan]
1540667340,[6456.19],[6456.08056641],[nan]
1540667400,[6456.48],[6456.32128906],[nan]
1540667460,[6457.51],[6456.60009766],[nan]
1540667520,[6459.19],[6457.59863281],[nan]
1540667580,[6458.53],[6459.2421875],[nan]
1540667640,[6459.23],[6458.59472656],[nan]
1540667700,[6459.33],[6459.28173828],[nan]
1540667760,[6461.37],[6459.37988281],[nan]
1540667820,[6461.56],[6461.390625],[nan]
1540667880,[6457.61],[6461.578125],[nan]
1540667940,[6458.06],[6457.69628906],[nan]
1540668000,[6458.28],[6458.13525391],[nan]
1540668060,[6458.34],[6458.35009766],[nan]
1540668120,[6457.73],[6458.40869141],[nan]
1540668180,[6457.63],[6457.81298828],[nan]
1540668240,[6457.43],[6457.71582031],[nan]
1540668300,[6457.68],[6457.52099609],[nan]
1540668360,[6457.58],[6457.76464844],[nan]
1540668420,[6457.72],[6457.66699219],[nan]
1540668480,[6456.91],[6457.80322266],[nan]
1540668540,[6459.63],[6457.01611328],[nan]
1540668600,[6459.37],[6459.67480469],[nan]
1540668660,[6459.45],[6459.41894531],[nan]
1540668720,[6459.4],[6459.49804688],[nan]
1540668780,[6458.96],[6459.44873047],[nan]
1540668840,[6459.09],[6459.01660156],[nan]
1540668900,[6458.33],[6459.14404297],[nan]
1540668960,[6458.73],[6458.39941406],[nan]
1540669020,[6458.4],[6458.79101562],[nan]
1540669080,[6457.32],[6458.46777344],[nan]
1540669140,[6458.03],[6457.4140625],[nan]
1540669200,[6457.74],[6458.10595703],[nan]
1540669260,[6458.54],[6457.82275391],[nan]
1540669320,[6458.67],[6458.60498047],[nan]
1540669380,[6458.54],[6458.73193359],[nan]
1540669440,[6457.03],[6458.60498047],[nan]
1540669500,[6457.55],[6457.13232422],[nan]
1540669560,[6460.82],[6457.63769531],[nan]
1540669620,[6461.43],[6460.84814453],[nan]
1540669680,[6462.08],[6461.45019531],[nan]
1540669740,[6461.82],[6462.09179688],[nan]
1540669800,[6460.86],[6461.83496094],[nan]
1540669860,[6460.54],[6460.88720703],[nan]
1540669920,[6460.72],[6460.57177734],[nan]
1540669980,[6460.08],[6460.74902344],[nan]
1540670040,[6461.86],[6460.11816406],[nan]
1540670100,[6460.07],[6461.87451172],[nan]
1540670160,[6459.9],[6460.10839844],[nan]
1540670220,[6459.7],[6459.94091797],[nan]
1540670280,[6459.96],[6459.74414062],[nan]
1540670340,[6459.83],[6460.],[nan]
1540670400,[6455.02],[6459.87158203],[nan]
1540670460,[6458.38],[6455.20166016],[nan]
1540670520,[6458.16],[6458.44824219],[nan]
1540670580,[6458.35],[6458.23291016],[nan]
1540670640,[6459.76],[6458.41894531],[nan]
1540670700,[6459.5],[6459.80273438],[nan]
1540670760,[6459.7],[6459.54736328],[nan]
1540670820,[6460.05],[6459.74414062],[nan]
1540670880,[6460.39],[6460.08886719],[nan]
1540670940,[6459.63],[6460.42382812],[nan]
1540671000,[6460.12],[6459.67480469],[nan]
1540671060,[6459.82],[6460.15771484],[nan]
1540671120,[6459.33],[6459.86230469],[nan]
1540671180,[6459.81],[6459.37988281],[nan]
1540671240,[6458.93],[6459.85205078],[nan]
1540671300,[6458.37],[6458.98681641],[nan]
1540671360,[6458.6],[6458.43798828],[nan]
1540671420,[6458.31],[6458.66357422],[nan]
1540671480,[6458.36],[6458.37988281],[nan]
1540671540,[6457.33],[6458.42822266],[nan]
1540671600,[6457.42],[6457.42333984],[nan]
1540671660,[6459.77],[6457.51123047],[nan]
1540671720,[6458.87],[6459.81298828],[nan]
1540671780,[6458.64],[6458.92822266],[nan]
1540671840,[6458.76],[6458.70263672],[nan]
1540671900,[6459.09],[6458.8203125],[nan]
1540671960,[6460.15],[6459.14404297],[nan]
1540672020,[6459.18],[6460.1875],[nan]
1540672080,[6458.99],[6459.23291016],[nan]
1540672140,[6459.25],[6459.04589844],[nan]
1540672200,[6459.1],[6459.30175781],[nan]
1540672260,[6459.46],[6459.15380859],[nan]
1540672320,[6458.49],[6459.5078125],[nan]
1540672380,[6458.98],[6458.55566406],[nan]
1540672440,[6459.12],[6459.03613281],[nan]
1540672500,[6459.26],[6459.17333984],[nan]
1540672560,[6459.85],[6459.31103516],[nan]
1540672620,[6459.14],[6459.89208984],[nan]
1540672680,[6460.4],[6459.19335938],[nan]
1540672740,[6460.83],[6460.43359375],[nan]
1540672800,[6461.28],[6460.85791016],[nan]
1540672860,[6460.47],[6461.30175781],[nan]
1540672920,[6461.67],[6460.50292969],[nan]
1540672980,[6461.02],[6461.68701172],[nan]
1540673040,[6461.],[6461.04492188],[nan]
1540673100,[6461.51],[6461.02539062],[nan]
1540673160,[6462.23],[6461.52929688],[nan]
1540673220,[6462.06],[6462.23974609],[nan]
1540673280,[6462.31],[6462.07177734],[nan]
1540673340,[6461.85],[6462.31835938],[nan]
1540673400,[6462.19],[6461.86474609],[nan]
1540673460,[6461.1],[6462.20068359],[nan]
1540673520,[6461.16],[6461.12451172],[nan]
1540673580,[6461.54],[6461.18310547],[nan]
1540673640,[6463.05],[6461.55859375],[nan]
1540673700,[6463.62],[6463.04833984],[nan]
1540673760,[6462.97],[6463.609375],[nan]
1540673820,[6455.26],[6462.96972656],[nan]
1540673880,[6458.55],[6455.43017578],[nan]
1540673940,[6459.72],[6458.61425781],[nan]
1540674000,[6460.07],[6459.76367188],[nan]
1540674060,[6460.16],[6460.10839844],[nan]
1540674120,[6462.38],[6460.19677734],[nan]
1540674180,[6462.43],[6462.38769531],[nan]
1540674240,[6462.96],[6462.43701172],[nan]
1540674300,[6461.58],[6462.95947266],[nan]
1540674360,[6461.74],[6461.59765625],[nan]
1540674420,[6462.41],[6461.75634766],[nan]
1540674480,[6461.87],[6462.41748047],[nan]
1540674540,[6462.36],[6461.88427734],[nan]
1540674600,[6462.05],[6462.36767578],[nan]
1540674660,[6461.75],[6462.06201172],[nan]
1540674720,[6461.55],[6461.765625],[nan]
1540674780,[6464.65],[6461.56884766],[nan]
1540674840,[6465.2],[6464.62060547],[nan]
1540674900,[6464.98],[6465.15917969],[nan]
1540674960,[6464.84],[6464.94384766],[nan]
1540675020,[6465.54],[6464.80712891],[nan]
1540675080,[6465.66],[6465.49072266],[nan]
1540675140,[6465.83],[6465.60742188],[nan]
1540675200,[6465.84],[6465.7734375],[nan]
1540675260,[6465.34],[6465.78271484],[nan]
1540675320,[6466.85],[6465.29589844],[nan]
1540675380,[6464.48],[6466.76220703],[nan]
1540675440,[6464.07],[6464.45458984],[nan]
1540675500,[6464.8],[6464.05224609],[nan]
1540675560,[6463.5],[6464.76806641],[nan]
1540675620,[6464.2],[6463.49121094],[nan]
1540675680,[6464.72],[6464.1796875],[nan]
1540675740,[6464.4],[6464.68945312],[nan]
1540675800,[6466.57],[6464.37548828],[nan]
1540675860,[6466.5],[6466.49169922],[nan]
1540675920,[6466.52],[6466.42431641],[nan]
1540675980,[6467.87],[6466.44335938],[nan]
1540676040,[6468.12],[6467.74462891],[nan]
1540676100,[6467.54],[6467.98388672],[nan]
1540676160,[6467.2],[6467.42822266],[nan]
1540676220,[6467.4],[6467.10009766],[nan]
1540676280,[6468.93],[6467.29296875],[nan]
1540676340,[6468.88],[6468.75585938],[nan]
1540676400,[6468.15],[6468.70849609],[nan]
1540676460,[6468.28],[6468.01269531],[nan]
1540676520,[6469.44],[6468.13720703],[nan]
1540676580,[6471.22],[6469.23876953],[nan]
1540676640,[6471.11],[6470.90332031],[nan]
1540676700,[6470.57],[6470.80175781],[nan]
1540676760,[6471.17],[6470.29931641],[nan]
1540676820,[6471.74],[6470.85742188],[nan]
1540676880,[6474.04],[6471.38378906],[nan]
1540676940,[6474.22],[6473.47119141],[nan]
1540677000,[6475.63],[6473.63134766],[nan]
1540677060,[6475.64],[6474.87695312],[nan]
1540677120,[6475.58],[6474.88574219],[nan]
1540677180,[6477.68],[6474.83349609],[nan]
1540677240,[6477.95],[6476.64355469],[nan]
1540677300,[6477.71],[6476.87255859],[nan]
1540677360,[6477.69],[6476.66894531],[nan]
1540677420,[6478.39],[6476.65185547],[nan]
1540677480,[6478.38],[6477.24365234],[nan]
1540677540,[6478.09],[6477.23486328],[nan]
1540677600,[6478.97],[6476.99072266],[nan]
1540677660,[6478.69],[6477.72851562],[nan]
1540677720,[6477.68],[6477.49511719],[nan]
1540677780,[6478.5],[6476.64355469],[nan]
1540677840,[6469.88],[6477.33544922],[nan]
1540677900,[6469.88],[6469.65332031],[nan]
1540677960,[6469.63],[6469.65332031],[nan]
1540678020,[6469.1],[6469.41796875],[nan]
1540678080,[6469.78],[6468.91699219],[nan]
1540678140,[6471.81],[6469.55908203],[nan]
1540678200,[6471.78],[6471.44824219],[nan]
1540678260,[6471.83],[6471.42089844],[nan]
1540678320,[6471.55],[6471.46679688],[nan]
1540678380,[6471.6],[6471.20898438],[nan]
1540678440,[6473.53],[6471.25488281],[nan]
1540678500,[6473.19],[6473.01367188],[nan]
1540678560,[6473.22],[6472.70703125],[nan]
1540678620,[6471.91],[6472.73388672],[nan]
1540678680,[6471.59],[6471.54052734],[nan]
1540678740,[6468.53],[6471.24560547],[nan]
1540678800,[6468.79],[6468.375],[nan]
1540678860,[6470.55],[6468.62255859],[nan]
1540678920,[6470.47],[6470.28076172],[nan]
1540678980,[6470.59],[6470.20605469],[nan]
1540679040,[6469.98],[6470.31787109],[nan]
1540679100,[6469.59],[6469.74707031],[nan]
1540679160,[6472.47],[6469.38037109],[nan]
1540679220,[6470.94],[6472.05322266],[nan]
1540679280,[6472.15],[6470.64404297],[nan]
1540679340,[6472.03],[6471.76025391],[nan]
1540679400,[6471.79],[6471.65039062],[nan]
1540679460,[6471.42],[6471.4296875],[nan]
1540679520,[6471.2],[6471.08886719],[nan]
1540679580,[6471.45],[6470.88574219],[nan]
1540679640,[6471.28],[6471.11621094],[nan]
1540679700,[6469.98],[6470.95898438],[nan]
1540679760,[6471.68],[6469.74707031],[nan]
1540679820,[6469.33],[6471.32861328],[nan]
1540679880,[6469.4],[6469.13427734],[nan]
1540679940,[6469.87],[6469.20068359],[nan]
1540680000,[6470.05],[6469.64404297],[nan]
1540680060,[6470.37],[6469.81298828],[nan]
1540680120,[6472.28],[6470.11230469],[nan]
1540680180,[6469.15],[6471.87939453],[nan]
1540680240,[6469.09],[6468.96435547],[nan]
1540680300,[6469.17],[6468.90722656],[nan]
1540680360,[6469.],[6468.98291016],[nan]
1540680420,[6470.18],[6468.82226562],[nan]
1540680480,[6465.48],[6469.93457031],[nan]
1540680540,[6465.6],[6465.43261719],[nan]
1540680600,[6466.19],[6465.54931641],[nan]
1540680660,[6466.62],[6466.12353516],[nan]
1540680720,[6466.55],[nan],[nan]
1540680780,[6468.],[nan],[6466.47216797]
1540680840,[6468.5],[nan],[6467.86914062]
1540680900,[6468.9],[nan],[6468.34667969]
1540680960,[6471.09],[nan],[6468.72753906]
1540681020,[6470.5],[nan],[6470.78320312]
1540681080,[6472.19],[nan],[6470.234375]
1540681140,[6472.23],[nan],[6471.79736328]
1540681200,[6472.28],[nan],[6471.83398438]
1540681260,[6469.57],[nan],[6471.87939453]
1540681320,[6469.84],[nan],[6469.36132812]
1540681380,[6469.55],[nan],[6469.61572266]
1540681440,[6469.82],[nan],[6469.34277344]
1540681500,[6470.95],[nan],[6469.59667969]
1540681560,[6469.9],[nan],[6470.65283203]
1540681620,[6469.71],[nan],[6469.671875]
1540681680,[6469.32],[nan],[6469.49365234]
1540681740,[6469.42],[nan],[6469.125]
1540681800,[6468.5],[nan],[6469.21972656]
1540681860,[6469.18],[nan],[6468.34667969]
1540681920,[6469.12],[nan],[6468.99267578]
1540681980,[6470.85],[nan],[6468.93603516]
1540682040,[6469.61],[nan],[6470.56054688]
1540682100,[6468.31],[nan],[6469.39941406]
1540682160,[6468.16],[nan],[6468.16552734]
1540682220,[6468.3],[nan],[6468.02197266]
1540682280,[6468.28],[nan],[6468.15625]
1540682340,[6468.37],[nan],[6468.13720703]
1540682400,[6467.59],[nan],[6468.22265625]
1540682460,[6468.62],[nan],[6467.47558594]
1540682520,[6467.44],[nan],[6468.4609375]
1540682580,[6468.],[nan],[6467.33154297]
1540682640,[6467.88],[nan],[6467.86914062]
1540682700,[6467.5],[nan],[6467.75439453]
1540682760,[6466.27],[nan],[6467.38916016]
1540682820,[6467.36],[nan],[6466.20117188]
1540682880,[6466.62],[nan],[6467.25488281]
1540682940,[6467.11],[nan],[6466.54003906]
1540683000,[6467.86],[nan],[6467.01416016]
1540683060,[6467.69],[nan],[6467.73486328]
1540683120,[6467.88],[nan],[6467.57177734]
1540683180,[6467.3],[nan],[6467.75439453]
1540683240,[6467.29],[nan],[6467.19677734]
1540683300,[6467.53],[nan],[6467.18701172]
1540683360,[6467.5],[nan],[6467.41796875]
1540683420,[6467.46],[nan],[6467.38916016]
1540683480,[6466.96],[nan],[6467.35058594]
1540683540,[6467.02],[nan],[6466.86865234]
1540683600,[6466.78],[nan],[6466.92724609]
1540683660,[6466.65],[nan],[6466.6953125]
1540683720,[6466.14],[nan],[6466.56933594]
1540683780,[6466.62],[nan],[6466.07470703]
1540683840,[6467.04],[nan],[6466.54003906]
1540683900,[6469.],[nan],[6466.94628906]
1540683960,[6469.07],[nan],[6468.82226562]
1540684020,[6469.02],[nan],[6468.88818359]
1540684080,[6468.89],[nan],[6468.84130859]
1540684140,[6469.38],[nan],[6468.71777344]
1540684200,[6469.42],[nan],[6469.18212891]
1540684260,[6469.35],[nan],[6469.21972656]
1540684320,[6469.36],[nan],[6469.15380859]
1540684380,[6468.94],[nan],[6469.16308594]
1540684440,[6469.04],[nan],[6468.765625]
1540684500,[6469.78],[nan],[6468.86035156]
1540684560,[6470.16],[nan],[6469.55908203]
1540684620,[6469.86],[nan],[6469.91601562]
1540684680,[6470.03],[nan],[6469.63427734]
1540684740,[6470.17],[nan],[6469.79443359]
1540684800,[6468.82],[nan],[6469.92578125]
1540684860,[6469.43],[nan],[6468.65087891]
1540684920,[6468.99],[nan],[6469.22949219]
1540684980,[6468.75],[nan],[6468.8125]
1540685040,[6468.63],[nan],[6468.58496094]
1540685100,[6470.08],[nan],[6468.47070312]
1540685160,[6470.34],[nan],[6469.84082031]
1540685220,[6469.82],[nan],[6470.08447266]
1540685280,[6469.38],[nan],[6469.59667969]
1540685340,[6469.37],[nan],[6469.18212891]
1540685400,[6469.45],[nan],[6469.17285156]
1540685460,[6469.65],[nan],[6469.24804688]
1540685520,[6469.39],[nan],[6469.43701172]
1540685580,[6469.06],[nan],[6469.19140625]
1540685640,[6469.38],[nan],[6468.87939453]
1540685700,[6468.78],[nan],[6469.18212891]
1540685760,[6467.66],[nan],[6468.61328125]
1540685820,[6467.],[nan],[6467.54296875]
1540685880,[6466.65],[nan],[6466.90771484]
1540685940,[6466.17],[nan],[6466.56933594]
1540686000,[6466.94],[nan],[6466.10400391]
1540686060,[6466.2],[nan],[6466.84960938]
1540686120,[6466.88],[nan],[6466.1328125]
1540686180,[6466.79],[nan],[6466.79150391]
1540686240,[6467.03],[nan],[6466.70458984]
1540686300,[6466.9],[nan],[6466.93652344]
1540686360,[6466.14],[nan],[6466.81103516]
1540686420,[6465.55],[nan],[6466.07470703]
1540686480,[6465.31],[nan],[6465.50048828]
1540686540,[6465.45],[nan],[6465.26611328]
1540686600,[6467.07],[nan],[6465.40283203]
1540686660,[6464.8],[nan],[6466.97509766]
1540686720,[6463.89],[nan],[6464.76806641]
1540686780,[6464.92],[nan],[6463.875]
1540686840,[6464.48],[nan],[6464.88525391]
1540686900,[6464.74],[nan],[6464.45458984]
1540686960,[6464.16],[nan],[6464.70898438]
1540687020,[6465.14],[nan],[6464.140625]
1540687080,[6463.43],[nan],[6465.10058594]
1540687140,[6466.29],[nan],[6463.42236328]
1540687200,[6466.24],[nan],[6466.22021484]
1540687260,[6466.24],[nan],[6466.171875]
1540687320,[6464.68],[nan],[6466.171875]
1540687380,[6463.97],[nan],[6464.65039062]
1540687440,[6465.66],[nan],[6463.95361328]
1540687500,[6465.58],[nan],[6465.60742188]
1540687560,[6465.25],[nan],[6465.52978516]
1540687620,[6465.49],[nan],[6465.20800781]
1540687680,[6464.8],[nan],[6465.44189453]
1540687740,[6464.82],[nan],[6464.76806641]
1540687800,[6465.75],[nan],[6464.78759766]
1540687860,[6465.78],[nan],[6465.6953125]
1540687920,[6465.84],[nan],[6465.72460938]
1540687980,[6465.01],[nan],[6465.78271484]
1540688040,[6464.96],[nan],[6464.97314453]
1540688100,[6464.39],[nan],[6464.92431641]
1540688160,[6467.5],[nan],[6464.36621094]
1540688220,[6466.7],[nan],[6467.38916016]
1540688280,[6466.82],[nan],[6466.61767578]
1540688340,[6466.68],[nan],[6466.73388672]
1540688400,[6466.17],[nan],[6466.59814453]
1540688460,[6465.99],[nan],[6466.10400391]
1540688520,[6465.49],[nan],[6465.92919922]
1540688580,[6466.12],[nan],[6465.44189453]
1540688640,[6466.1],[nan],[6466.05517578]
1540688700,[6466.9],[nan],[6466.03613281]
1540688760,[6466.98],[nan],[6466.81103516]
1540688820,[6467.16],[nan],[6466.88867188]
1540688880,[6467.21],[nan],[6467.06201172]
1540688940,[6467.07],[nan],[6467.11035156]
1540689000,[6465.69],[nan],[6466.97509766]
1540689060,[6465.74],[nan],[6465.63671875]
1540689120,[6465.94],[nan],[6465.68554688]
1540689180,[6466.04],[nan],[6465.88037109]
1540689240,[6465.71],[nan],[6465.97753906]
1540689300,[6465.65],[nan],[6465.65625]
1540689360,[6467.15],[nan],[6465.59814453]
1540689420,[6465.27],[nan],[6467.05224609]
1540689480,[6464.31],[nan],[6465.22753906]
1540689540,[6464.34],[nan],[6464.28759766]
1540689600,[6463.93],[nan],[6464.31689453]
1540689660,[6463.96],[nan],[6463.91455078]
1540689720,[6467.1],[nan],[6463.94384766]
1540689780,[6467.71],[nan],[6467.00390625]
1540689840,[6467.13],[nan],[6467.59130859]
1540689900,[6465.41],[nan],[6467.03320312]
1540689960,[6465.75],[nan],[6465.36425781]
1540690020,[6465.76],[nan],[6465.6953125]
1540690080,[6465.58],[nan],[6465.70507812]
1540690140,[6464.72],[nan],[6465.52978516]
1540690200,[6464.87],[nan],[6464.68945312]
1540690260,[6466.92],[nan],[6464.83642578]
1540690320,[6467.11],[nan],[6466.83007812]
1540690380,[6467.53],[nan],[6467.01416016]
1540690440,[6466.6],[nan],[6467.41796875]
1540690500,[6465.6],[nan],[6466.52099609]
1540690560,[6466.14],[nan],[6465.54931641]
1540690620,[6466.25],[nan],[6466.07470703]
1540690680,[6466.3],[nan],[6466.18164062]
1540690740,[6466.31],[nan],[6466.23046875]
1540690800,[6466.5],[nan],[6466.23974609]
1540690860,[6466.53],[nan],[6466.42431641]
1540690920,[6466.38],[nan],[6466.453125]
1540690980,[6466.39],[nan],[6466.30761719]
1540691040,[6466.35],[nan],[6466.31738281]
1540691100,[6465.89],[nan],[6466.27832031]
1540691160,[6466.],[nan],[6465.83154297]
1540691220,[6466.11],[nan],[6465.93847656]
1540691280,[6467.3],[nan],[6466.04541016]
1540691340,[6465.66],[nan],[6467.19677734]
1540691400,[6464.52],[nan],[6465.60742188]
1540691460,[6464.15],[nan],[6464.49365234]
1540691520,[6464.39],[nan],[6464.13037109]
1540691580,[6463.94],[nan],[6464.36621094]
1540691640,[6464.19],[nan],[6463.92431641]
1540691700,[6463.23],[nan],[6464.16943359]
1540691760,[6463.1],[nan],[6463.22558594]
1540691820,[6463.25],[nan],[6463.09716797]
1540691880,[6462.62],[nan],[6463.24511719]
1540691940,[6463.22],[nan],[6462.62451172]
1540692000,[6462.54],[nan],[6463.21582031]
1540692060,[6465.3],[nan],[6462.54589844]
1540692120,[6465.27],[nan],[6465.25683594]
1540692180,[6465.12],[nan],[6465.22753906]
1540692240,[6464.55],[nan],[6465.08105469]
1540692300,[6468.68],[nan],[6464.52294922]
1540692360,[6468.81],[nan],[6468.51806641]
1540692420,[6468.68],[nan],[6468.64160156]
1540692480,[6467.74],[nan],[6468.51806641]
1540692540,[6467.66],[nan],[6467.61962891]
1540692600,[6466.89],[nan],[6467.54296875]
1540692660,[6467.45],[nan],[6466.80126953]
1540692720,[6467.48],[nan],[6467.34130859]
1540692780,[6467.85],[nan],[6467.37011719]
1540692840,[6467.97],[nan],[6467.72558594]
1540692900,[6468.22],[nan],[6467.84033203]
1540692960,[6467.81],[nan],[6468.07910156]
1540693020,[6468.2],[nan],[6467.68701172]
1540693080,[6468.46],[nan],[6468.06005859]
1540693140,[6467.67],[nan],[6468.30859375]
1540693200,[6467.81],[nan],[6467.55224609]
1540693260,[6467.79],[nan],[6467.68701172]
1540693320,[6467.46],[nan],[6467.66796875]
1540693380,[6469.65],[nan],[6467.35058594]
1540693440,[6469.64],[nan],[6469.43701172]
1540693500,[6469.57],[nan],[6469.42724609]
1540693560,[6469.55],[nan],[6469.36132812]
1540693620,[6468.07],[nan],[6469.34277344]
1540693680,[6468.14],[nan],[6467.93652344]
1540693740,[6468.03],[nan],[6468.00292969]
1540693800,[6468.08],[nan],[6467.89746094]
1540693860,[6468.56],[nan],[6467.94580078]
1540693920,[6466.43],[nan],[6468.40380859]
1540693980,[6466.36],[nan],[6466.35644531]
1540694040,[6466.59],[nan],[6466.28808594]
1540694100,[6468.46],[nan],[6466.51074219]
1540694160,[6468.79],[nan],[6468.30859375]
1540694220,[6468.03],[nan],[6468.62255859]
1540694280,[6467.47],[nan],[6467.89746094]
1540694340,[6467.2],[nan],[6467.36035156]
1540694400,[6468.69],[nan],[6467.10009766]
1540694460,[6468.2],[nan],[6468.52783203]
1540694520,[6468.32],[nan],[6468.06005859]
1540694580,[6467.67],[nan],[6468.17529297]
1540694640,[6467.62],[nan],[6467.55224609]
1540694700,[6467.68],[nan],[6467.50488281]
1540694760,[6467.87],[nan],[6467.5625]
1540694820,[6467.78],[nan],[6467.74462891]
1540694880,[6466.68],[nan],[6467.65820312]
1540694940,[6468.03],[nan],[6466.59814453]
1540695000,[6468.05],[nan],[6467.89746094]
1540695060,[6467.34],[nan],[6467.91650391]
1540695120,[6467.65],[nan],[6467.23535156]
1540695180,[6467.63],[nan],[6467.53320312]
1540695240,[6466.79],[nan],[6467.51416016]
1540695300,[6467.],[nan],[6466.70458984]
1540695360,[6466.76],[nan],[6466.90771484]
1540695420,[6470.26],[nan],[6466.67578125]
1540695480,[6470.46],[nan],[6470.00976562]
1540695540,[6469.79],[nan],[6470.19677734]
1540695600,[6468.75],[nan],[6469.56884766]
1540695660,[6468.99],[nan],[6468.58496094]
1540695720,[6468.73],[nan],[6468.8125]
1540695780,[6468.79],[nan],[6468.56591797]
1540695840,[6468.91],[nan],[6468.62255859]
1540695900,[6468.01],[nan],[6468.73681641]
1540695960,[6468.06],[nan],[6467.87841797]
1540696020,[6467.02],[nan],[6467.92626953]
1540696080,[6465.41],[nan],[6466.92724609]
1540696140,[6465.35],[nan],[6465.36425781]
1540696200,[6464.46],[nan],[6465.30517578]
1540696260,[6465.72],[nan],[6464.43505859]
1540696320,[6465.84],[nan],[6465.66650391]
1540696380,[6465.89],[nan],[6465.78271484]
1540696440,[6467.72],[nan],[6465.83154297]
1540696500,[6467.32],[nan],[6467.60058594]
1540696560,[6467.14],[nan],[6467.21630859]
1540696620,[6466.32],[nan],[6467.04248047]
1540696680,[6466.25],[nan],[6466.24951172]
1540696740,[6466.59],[nan],[6466.18164062]
1540696800,[6468.36],[nan],[6466.51074219]
1540696860,[6468.36],[nan],[6468.21337891]
1540696920,[6466.22],[nan],[6468.21337891]
1540696980,[6466.46],[nan],[6466.15234375]
1540697040,[6466.75],[nan],[6466.38525391]
1540697100,[6466.74],[nan],[6466.66601562]
1540697160,[6466.7],[nan],[6466.65673828]
1540697220,[6466.08],[nan],[6466.61767578]
1540697280,[6465.86],[nan],[6466.01660156]
1540697340,[6465.94],[nan],[6465.80273438]
1540697400,[6465.25],[nan],[6465.88037109]
1540697460,[6465.09],[nan],[6465.20800781]
1540697520,[6465.81],[nan],[6465.05175781]
1540697580,[6465.8],[nan],[6465.75390625]
1540697640,[6465.75],[nan],[6465.74414062]
1540697700,[6465.17],[nan],[6465.6953125]
1540697760,[6465.03],[nan],[6465.12939453]
1540697820,[6464.13],[nan],[6464.99267578]
1540697880,[6464.05],[nan],[6464.11083984]
1540697940,[6464.15],[nan],[6464.03222656]
1540698000,[6462.24],[nan],[6464.13037109]
1540698060,[6461.73],[nan],[6462.24951172]
1540698120,[6461.97],[nan],[6461.74609375]
1540698180,[6464.2],[nan],[6461.98339844]
1540698240,[6464.32],[nan],[6464.1796875]
1540698300,[6462.53],[nan],[6464.29736328]
1540698360,[6462.53],[nan],[6462.53564453]
1540698420,[6460.86],[nan],[6462.53564453]
1540698480,[6463.43],[nan],[6460.88720703]
1540698540,[6467.28],[nan],[6463.42236328]
1540698600,[6467.36],[nan],[6467.17773438]
1540698660,[6467.14],[nan],[6467.25488281]
1540698720,[6466.56],[nan],[6467.04248047]
1540698780,[6464.56],[nan],[6466.48242188]
1540698840,[6464.78],[nan],[6464.53271484]
1540698900,[6465.43],[nan],[6464.74853516]
1540698960,[6465.41],[nan],[6465.38378906]
1540699020,[6464.89],[nan],[6465.36425781]
1540699080,[6464.18],[nan],[6464.85595703]
1540699140,[6464.19],[nan],[6464.16015625]
1540699200,[6464.26],[nan],[6464.16943359]
1540699260,[6464.4],[nan],[6464.23828125]
1540699320,[6465.42],[nan],[6464.37548828]
1540699380,[6464.79],[nan],[6465.37353516]
1540699440,[6464.9],[nan],[6464.7578125]
1540699500,[6464.99],[nan],[6464.86572266]
1540699560,[6468.37],[nan],[6464.95361328]
1540699620,[6467.71],[nan],[6468.22265625]
1540699680,[6469.5],[nan],[6467.59130859]
1540699740,[6468.69],[nan],[6469.29541016]
1540699800,[6467.52],[nan],[6468.52783203]
1540699860,[6467.56],[nan],[6467.40820312]
1540699920,[6467.66],[nan],[6467.44726562]
1540699980,[6467.71],[nan],[6467.54296875]
1540700040,[6467.38],[nan],[6467.59130859]
1540700100,[6467.42],[nan],[6467.27392578]
1540700160,[6467.49],[nan],[6467.3125]
1540700220,[6467.59],[nan],[6467.37988281]
1540700280,[6467.36],[nan],[6467.47558594]
1540700340,[6467.35],[nan],[6467.25488281]
1540700400,[6466.55],[nan],[6467.24462891]
1540700460,[6466.87],[nan],[6466.47216797]
1540700520,[6467.32],[nan],[6466.78222656]
1540700580,[6470.16],[nan],[6467.21630859]
1540700640,[6471.29],[nan],[6469.91601562]
1540700700,[6471.19],[nan],[6470.96875]
1540700760,[6470.9],[nan],[6470.87597656]
1540700820,[6471.04],[nan],[6470.60693359]
1540700880,[6470.03],[nan],[6470.73681641]
1540700940,[6469.65],[nan],[6469.79443359]
1540701000,[6470.13],[nan],[6469.43701172]
1540701060,[6470.33],[nan],[6469.88818359]
1540701120,[6470.17],[nan],[6470.07519531]
1540701180,[6469.59],[nan],[6469.92578125]
1540701240,[6470.16],[nan],[6469.38037109]
1540701300,[6470.15],[nan],[6469.91601562]
1540701360,[6470.32],[nan],[6469.90625]
1540701420,[6472.85],[nan],[6470.06591797]
1540701480,[6472.12],[nan],[6472.39892578]
1540701540,[6472.05],[nan],[6471.73291016]
1540701600,[6473.67],[nan],[6471.66845703]
1540701660,[6472.69],[nan],[6473.13964844]
1540701720,[6473.04],[nan],[6472.25292969]
1540701780,[6471.71],[nan],[6472.57080078]
1540701840,[6470.84],[nan],[6471.35644531]
1540701900,[6471.13],[nan],[6470.55078125]
1540701960,[6470.79],[nan],[6470.8203125]
1540702020,[6469.56],[nan],[6470.50439453]
1540702080,[6468.89],[nan],[6469.35205078]
1540702140,[6468.09],[nan],[6468.71777344]
1540702200,[6468.12],[nan],[6467.95556641]
1540702260,[6468.26],[nan],[6467.98388672]
1540702320,[6470.96],[nan],[6468.11767578]
1540702380,[6470.87],[nan],[6470.66259766]
1540702440,[6468.08],[nan],[6470.57910156]
1540702500,[6469.51],[nan],[6467.94580078]
1540702560,[6469.73],[nan],[6469.3046875]
1540702620,[6468.94],[nan],[6469.51220703]
1540702680,[6472.],[nan],[6468.765625]
1540702740,[6473.72],[nan],[6471.62304688]
1540702800,[6471.05],[nan],[6473.18408203]
1540702860,[6470.99],[nan],[6470.74609375]
1540702920,[6470.7],[nan],[6470.69042969]
1540702980,[6471.34],[nan],[6470.42041016]
1540703040,[6471.77],[nan],[6471.01464844]
1540703100,[6469.97],[nan],[6471.41113281]
1540703160,[6469.52],[nan],[6469.73779297]
1540703220,[6470.46],[nan],[6469.31396484]
1540703280,[6470.39],[nan],[6470.19677734]
1540703340,[6470.56],[nan],[6470.13134766]
1540703400,[6468.77],[nan],[6470.29052734]
1540703460,[6467.56],[nan],[6468.60400391]
1540703520,[6467.72],[nan],[6467.44726562]
1540703580,[6467.4],[nan],[6467.60058594]
1540703640,[6466.88],[nan],[6467.29296875]
1540703700,[6471.21],[nan],[6466.79150391]
1540703760,[6470.45],[nan],[6470.89453125]
1540703820,[6472.33],[nan],[6470.1875]
1540703880,[6472.41],[nan],[6471.92480469]
1540703940,[6472.41],[nan],[6471.99804688]
1540704000,[6472.99],[nan],[6471.99804688]
1540704060,[6472.3],[nan],[6472.52587891]
1540704120,[6474.96],[nan],[6471.89794922]
1540704180,[6475.32],[nan],[6474.28808594]
1540704240,[6473.86],[nan],[6474.60498047]
1540704300,[6474.36],[nan],[6473.31005859]
1540704360,[6473.26],[nan],[6473.75634766]
1540704420,[6475.3],[nan],[6472.77001953]
1540704480,[6475.38],[nan],[6474.58740234]
1540704540,[6473.19],[nan],[6474.65820312]
1540704600,[6468.55],[nan],[6472.70703125]
1540704660,[6467.19],[nan],[6468.39453125]
1540704720,[6468.98],[nan],[6467.09082031]
1540704780,[6468.9],[nan],[6468.80322266]
1540704840,[6467.92],[nan],[6468.72753906]
1540704900,[6470.14],[nan],[6467.79248047]
1540704960,[6471.36],[nan],[6469.89746094]
1540705020,[6470.89],[nan],[6471.03320312]
1540705080,[6471.],[nan],[6470.59765625]
1540705140,[6471.],[nan],[6470.69970703]
1540705200,[6471.54],[nan],[6470.69970703]
1540705260,[6471.48],[nan],[6471.19970703]
1540705320,[6470.79],[nan],[6471.14453125]
1540705380,[6470.98],[nan],[6470.50439453]
1540705440,[6470.76],[nan],[6470.68115234]
1540705500,[6470.74],[nan],[6470.4765625]
1540705560,[6474.04],[nan],[6470.45800781]
1540705620,[6473.67],[nan],[6473.47119141]
1540705680,[6473.86],[nan],[6473.13964844]
1540705740,[6474.49],[nan],[6473.31005859]
1540705800,[6474.6],[nan],[6473.87158203]
1540705860,[6474.59],[nan],[6473.96972656]
1540705920,[6474.45],[nan],[6473.9609375]
1540705980,[6476.17],[nan],[6473.83642578]
1540706040,[6475.65],[nan],[6475.34765625]
1540706100,[6475.53],[nan],[6474.89404297]
1540706160,[6475.39],[nan],[6474.78955078]
1540706220,[6475.48],[nan],[6474.66650391]
1540706280,[6477.75],[nan],[6474.74560547]
1540706340,[6477.83],[nan],[6476.703125]
1540706400,[6474.46],[nan],[6476.77050781]
1540706460,[6474.55],[nan],[6473.84521484]
1540706520,[6474.54],[nan],[6473.92529297]
1540706580,[6475.23],[nan],[6473.91601562]
1540706640,[6475.69],[nan],[6474.52636719]
1540706700,[6475.72],[nan],[6474.92919922]
1540706760,[6477.45],[nan],[6474.95556641]
1540706820,[6478.85],[nan],[6476.44824219]
1540706880,[6479.45],[nan],[6477.62841797]
1540706940,[6478.85],[nan],[6478.12744141]
1540707000,[6480.85],[nan],[6477.62841797]
1540707060,[6480.13],[nan],[6479.27294922]
1540707120,[6480.08],[nan],[6478.68701172]
1540707180,[6481.08],[nan],[6478.64550781]
1540707240,[6481.44],[nan],[6479.45898438]
1540707300,[6481.17],[nan],[6479.74853516]
1540707360,[6479.65],[nan],[6479.53125]
1540707420,[6480.55],[nan],[6478.29248047]
1540707480,[6480.3],[nan],[6479.02929688]
1540707540,[6479.74],[nan],[6478.82568359]
1540707600,[6480.93],[nan],[6478.36669922]
1540707660,[6480.9],[nan],[6479.33740234]
1540707720,[6481.15],[nan],[6479.31347656]
1540707780,[6473.87],[nan],[6479.51513672]
1540707840,[6474.61],[nan],[6473.31835938]
1540707900,[6474.5],[nan],[6473.97802734]
1540707960,[6475.6],[nan],[6473.88085938]
1540708020,[6474.82],[nan],[6474.85058594]
1540708080,[6475.42],[nan],[6474.16455078]
1540708140,[6475.52],[nan],[6474.69287109]
1540708200,[6474.8],[nan],[6474.78027344]
1540708260,[6475.41],[nan],[6474.14648438]
1540708320,[6474.93],[nan],[6474.68408203]
1540708380,[6474.94],[nan],[6474.26123047]
1540708440,[6474.94],[nan],[6474.27050781]
1540708500,[6476.51],[nan],[6474.27050781]
1540708560,[6477.28],[nan],[6475.64160156]
1540708620,[6476.8],[nan],[6476.30322266]
1540708680,[6474.93],[nan],[6475.89160156]
1540708740,[6473.91],[nan],[6474.26123047]
1540708800,[6475.62],[nan],[6473.35449219]
1540708860,[6476.77],[nan],[6474.86816406]
1540708920,[6477.81],[nan],[6475.86572266]
1540708980,[6477.4],[nan],[6476.75390625]
1540709040,[6477.22],[nan],[6476.40527344]
1540709100,[6479.],[nan],[6476.25195312]
1540709160,[6480.34],[nan],[6477.75341797]
1540709220,[6480.57],[nan],[6478.85839844]
1540709280,[6479.72],[nan],[6479.04589844]
1540709340,[6479.26],[nan],[6478.35009766]
1540709400,[6480.89],[nan],[6477.96972656]
1540709460,[6473.7],[nan],[6479.30517578]
1540709520,[6473.71],[nan],[6473.16650391]
